Operational Aspect,Details
Packaging Materials,Biodegradable
Delivery Route,"Route A, Route B, Route C"
Energy Source,Solar
Water Usage,Recycled
Waste Management,Composted
Employee Training,Monthly
Supplier Audits,Quarterly
Product Testing,Weekly
Customer Feedback,Online Surveys
Inventory Management,Automated
Transportation,Electric Vehicles
Carbon Footprint,Offset
Renewable Energy,Wind
Recycling Program,In-house
Sustainable Sourcing,Local
Community Engagement,Workshops
Health and Safety,Regular Inspections
Quality Control,ISO Certified
Ethical Labor Practices,Fair Trade
Product Lifecycle,Cradle to Cradle
Green Certifications,LEED
Sustainable Packaging,Reusable
Energy Efficiency,LED Lighting
Water Conservation,Low-flow Fixtures
Waste Reduction,Zero Waste
Employee Wellness,Health Programs
Sustainable Agriculture,Organic
Biodiversity,Protected Areas
Pollution Prevention,Air Filters
Sustainable Design,Modular
Green Building,Passive House
Sustainable Tourism,Ecotourism
Sustainable Fashion,Upcycled
Sustainable Fisheries,MSC Certified
Sustainable Forestry,FSC Certified
Sustainable Mining,Responsible Mining
Sustainable Construction,Green Concrete
Sustainable Manufacturing,Lean
Sustainable Retail,Green Stores
Sustainable Finance,Green Bonds
Sustainable Technology,Energy Star
Sustainable Transportation,Public Transit
Sustainable Urban Planning,Smart Cities
Sustainable Food Systems,Plant-based
Sustainable Water Management,Watershed Protection
Sustainable Waste Management,Circular Economy
Sustainable Energy,Geothermal
Sustainable Materials,Bamboo
Sustainable Products,Cradle to Cradle
Sustainable Business,Triple Bottom Line
Sustainable Development Goals,UN SDGs
